sigma,Kc
-0.003314251,0.538292056
0.500457115,0.335812724
1.001485707,0.131955939
