sigma,Ke
-0.004228564,1.001101959
0.200571477,0.614049545
0.601028592,0.089256173
0.400800035,0.302754873
0.80034292,-0.059504152
0.99874285,-0.126997179
