sigma,Ke
-0.004228564,1.001101959
0.199657248,0.63057847
0.599199965,0.101652867
0.399885805,0.326170809
0.798514293,-0.030578534
1.000571477,-0.099449013
