sigma,Kc
0.052457202,0.483905824
0.501371512,0.300710196
0.99965708,0.095476084
