sigma,Ke
-0.004228564,1.001101959
0.201485707,0.620936682
0.598285735,0.09614331
0.400800035,0.312396662
0.80034292,-0.048484785
0.99965708,-0.113223159
